{"cities":[{"city":"Chennai","state":"Tamil Nadu","district":"Chennai","country":"India","village":"Teynampet","temperature":32.5,"condition":"Partly Cloudy","humidity":75,"windSpeed":15,"feelsLike":35.2,"pressure":1013,"forecast":[{"date":"Mon, Dec 18","condition":"Sunny","maxTemp":34,"minTemp":28,"humidity":70,"windSpeed":12},{"date":"Tue, Dec 19","condition":"Partly Cloudy","maxTemp":33,"minTemp":27,"humidity":72,"windSpeed":14},{"date":"Wed, Dec 20","condition":"Rainy","maxTemp":30,"minTemp":25,"humidity":85,"windSpeed":20},{"date":"Thu, Dec 21","condition":"Cloudy","maxTemp":31,"minTemp":26,"humidity":78,"windSpeed":16},{"date":"Fri, Dec 22","condition":"Sunny","maxTemp":35,"minTemp":29,"humidity":68,"windSpeed":11}]},{"city":"Coimbatore","state":"Tamil Nadu","district":"Coimbatore","country":"India","village":"Sulur","temperature":28.2,"condition":"Clear","humidity":62,"windSpeed":12,"feelsLike":28.0,"pressure":1014,"forecast":[{"date":"Mon, Dec 18","condition":"Clear","maxTemp":30,"minTemp":22,"humidity":60,"windSpeed":10},{"date":"Tue, Dec 19","condition":"Clear","maxTemp":31,"minTemp":23,"humidity":58,"windSpeed":11},{"date":"Wed, Dec 20","condition":"Partly Cloudy","maxTemp":29,"minTemp":21,"humidity":65,"windSpeed":12},{"date":"Thu, Dec 21","condition":"Cloudy","maxTemp":27,"minTemp":20,"humidity":70,"windSpeed":13},{"date":"Fri, Dec 22","condition":"Clear","maxTemp":30,"minTemp":22,"humidity":61,"windSpeed":10}]},{"city":"Mumbai","state":"Maharashtra","district":"Mumbai","country":"India","village":"Bandra","temperature":28.3,"condition":"Cloudy","humidity":82,"windSpeed":18,"feelsLike":30.1,"pressure":1015,"forecast":[{"date":"Mon, Dec 18","condition":"Cloudy","maxTemp":29,"minTemp":24,"humidity":80,"windSpeed":16},{"date":"Tue, Dec 19","condition":"Rainy","maxTemp":27,"minTemp":22,"humidity":88,"windSpeed":22},{"date":"Wed, Dec 20","condition":"Rainy","maxTemp":26,"minTemp":21,"humidity":90,"windSpeed":25},{"date":"Thu, Dec 21","condition":"Partly Cloudy","maxTemp":28,"minTemp":23,"humidity":78,"windSpeed":18},{"date":"Fri, Dec 22","condition":"Sunny","maxTemp":30,"minTemp":25,"humidity":75,"windSpeed":14}]},{"city":"Pune","state":"Maharashtra","district":"Pune","country":"India","village":"Khadki","temperature":22.1,"condition":"Clear","humidity":60,"windSpeed":11,"feelsLike":21.9,"pressure":1019,"forecast":[{"date":"Mon, Dec 18","condition":"Clear","maxTemp":24,"minTemp":16,"humidity":58,"windSpeed":10},{"date":"Tue, Dec 19","condition":"Clear","maxTemp":25,"minTemp":17,"humidity":55,"windSpeed":11},{"date":"Wed, Dec 20","condition":"Partly Cloudy","maxTemp":23,"minTemp":15,"humidity":62,"windSpeed":12},{"date":"Thu, Dec 21","condition":"Cloudy","maxTemp":21,"minTemp":14,"humidity":68,"windSpeed":14},{"date":"Fri, Dec 22","condition":"Clear","maxTemp":24,"minTemp":16,"humidity":58,"windSpeed":10}]},{"city":"Delhi","state":"Delhi","district":"New Delhi","country":"India","village":"Mehrauli","temperature":12.8,"condition":"Foggy","humidity":88,"windSpeed":8,"feelsLike":10.5,"pressure":1020,"forecast":[{"date":"Mon, Dec 18","condition":"Foggy","maxTemp":14,"minTemp":8,"humidity":85,"windSpeed":7},{"date":"Tue, Dec 19","condition":"Foggy","maxTemp":13,"minTemp":7,"humidity":90,"windSpeed":6},{"date":"Wed, Dec 20","condition":"Clear","maxTemp":16,"minTemp":9,"humidity":75,"windSpeed":10},{"date":"Thu, Dec 21","condition":"Sunny","maxTemp":18,"minTemp":11,"humidity":70,"windSpeed":12},{"date":"Fri, Dec 22","condition":"Sunny","maxTemp":19,"minTemp":12,"humidity":68,"windSpeed":11}]},{"city":"Bangalore","state":"Karnataka","district":"Bangalore","country":"India","village":"Whitefield","temperature":24.5,"condition":"Clear","humidity":65,"windSpeed":10,"feelsLike":24.8,"pressure":1018,"forecast":[{"date":"Mon, Dec 18","condition":"Clear","maxTemp":26,"minTemp":18,"humidity":62,"windSpeed":9},{"date":"Tue, Dec 19","condition":"Partly Cloudy","maxTemp":25,"minTemp":17,"humidity":68,"windSpeed":11},{"date":"Wed, Dec 20","condition":"Cloudy","maxTemp":23,"minTemp":16,"humidity":72,"windSpeed":13},{"date":"Thu, Dec 21","condition":"Rainy","maxTemp":22,"minTemp":15,"humidity":80,"windSpeed":16},{"date":"Fri, Dec 22","condition":"Clear","maxTemp":25,"minTemp":17,"humidity":65,"windSpeed":10}]},{"city":"Hyderabad","state":"Telangana","district":"Hyderabad","country":"India","village":"Kukatpally","temperature":26.7,"condition":"Sunny","humidity":58,"windSpeed":14,"feelsLike":26.3,"pressure":1016,"forecast":[{"date":"Mon, Dec 18","condition":"Sunny","maxTemp":28,"minTemp":20,"humidity":55,"windSpeed":12},{"date":"Tue, Dec 19","condition":"Sunny","maxTemp":29,"minTemp":21,"humidity":52,"windSpeed":13},{"date":"Wed, Dec 20","condition":"Partly Cloudy","maxTemp":27,"minTemp":19,"humidity":60,"windSpeed":15},{"date":"Thu, Dec 21","condition":"Cloudy","maxTemp":25,"minTemp":18,"humidity":65,"windSpeed":16},{"date":"Fri, Dec 22","condition":"Sunny","maxTemp":28,"minTemp":20,"humidity":56,"windSpeed":12}]},{"city":"Kolkata","state":"West Bengal","district":"Kolkata","country":"India","village":"Howrah","temperature":20.2,"condition":"Partly Cloudy","humidity":72,"windSpeed":12,"feelsLike":19.8,"pressure":1017,"forecast":[{"date":"Mon, Dec 18","condition":"Partly Cloudy","maxTemp":22,"minTemp":15,"humidity":70,"windSpeed":11},{"date":"Tue, Dec 19","condition":"Cloudy","maxTemp":21,"minTemp":14,"humidity":75,"windSpeed":13},{"date":"Wed, Dec 20","condition":"Rainy","maxTemp":19,"minTemp":12,"humidity":85,"windSpeed":18},{"date":"Thu, Dec 21","condition":"Cloudy","maxTemp":20,"minTemp":13,"humidity":78,"windSpeed":14},{"date":"Fri, Dec 22","condition":"Partly Cloudy","maxTemp":23,"minTemp":16,"humidity":68,"windSpeed":10}]},{"city":"Jaipur","state":"Rajasthan","district":"Jaipur","country":"India","village":"Sanganer","temperature":18.5,"condition":"Clear","humidity":52,"windSpeed":9,"feelsLike":18.2,"pressure":1021,"forecast":[{"date":"Mon, Dec 18","condition":"Clear","maxTemp":20,"minTemp":12,"humidity":50,"windSpeed":8},{"date":"Tue, Dec 19","condition":"Clear","maxTemp":21,"minTemp":13,"humidity":48,"windSpeed":9},{"date":"Wed, Dec 20","condition":"Sunny","maxTemp":22,"minTemp":14,"humidity":45,"windSpeed":10},{"date":"Thu, Dec 21","condition":"Partly Cloudy","maxTemp":20,"minTemp":12,"humidity":52,"windSpeed":11},{"date":"Fri, Dec 22","condition":"Clear","maxTemp":21,"minTemp":13,"humidity":49,"windSpeed":8}]},{"city":"Ahmedabad","state":"Gujarat","district":"Ahmedabad","country":"India","village":"Nikol","temperature":25.3,"condition":"Sunny","humidity":55,"windSpeed":13,"feelsLike":25.0,"pressure":1017,"forecast":[{"date":"Mon, Dec 18","condition":"Sunny","maxTemp":27,"minTemp":19,"humidity":52,"windSpeed":12},{"date":"Tue, Dec 19","condition":"Sunny","maxTemp":28,"minTemp":20,"humidity":50,"windSpeed":13},{"date":"Wed, Dec 20","condition":"Partly Cloudy","maxTemp":26,"minTemp":18,"humidity":58,"windSpeed":14},{"date":"Thu, Dec 21","condition":"Cloudy","maxTemp":24,"minTemp":17,"humidity":62,"windSpeed":15},{"date":"Fri, Dec 22","condition":"Sunny","maxTemp":27,"minTemp":19,"humidity":53,"windSpeed":12}]},{"city":"London","state":"England","district":"Greater London","country":"United Kingdom","village":"Westminster","temperature":8.2,"condition":"Cloudy","humidity":70,"windSpeed":15,"feelsLike":5.8,"pressure":1018,"forecast":[{"date":"Mon, Dec 18","condition":"Cloudy","maxTemp":9,"minTemp":4,"humidity":68,"windSpeed":14},{"date":"Tue, Dec 19","condition":"Rainy","maxTemp":7,"minTemp":2,"humidity":80,"windSpeed":18},{"date":"Wed, Dec 20","condition":"Rainy","maxTemp":6,"minTemp":1,"humidity":85,"windSpeed":20},{"date":"Thu, Dec 21","condition":"Cloudy","maxTemp":8,"minTemp":3,"humidity":72,"windSpeed":16},{"date":"Fri, Dec 22","condition":"Clear","maxTemp":10,"minTemp":5,"humidity":65,"windSpeed":12}]},{"city":"New York","state":"New York","district":"Manhattan","country":"United States","village":"Times Square","temperature":5.3,"condition":"Clear","humidity":55,"windSpeed":12,"feelsLike":1.8,"pressure":1020,"forecast":[{"date":"Mon, Dec 18","condition":"Clear","maxTemp":6,"minTemp":2,"humidity":53,"windSpeed":11},{"date":"Tue, Dec 19","condition":"Clear","maxTemp":7,"minTemp":3,"humidity":51,"windSpeed":12},{"date":"Wed, Dec 20","condition":"Partly Cloudy","maxTemp":5,"minTemp":1,"humidity":58,"windSpeed":13},{"date":"Thu, Dec 21","condition":"Cloudy","maxTemp":3,"minTemp":-1,"humidity":62,"windSpeed":14},{"date":"Fri, Dec 22","condition":"Clear","maxTemp":6,"minTemp":2,"humidity":54,"windSpeed":11}]},{"city":"Tokyo","state":"Tokyo","district":"Chiyoda","country":"Japan","village":"Marunouchi","temperature":9.5,"condition":"Clear","humidity":60,"windSpeed":10,"feelsLike":8.8,"pressure":1019,"forecast":[{"date":"Mon, Dec 18","condition":"Clear","maxTemp":11,"minTemp":6,"humidity":58,"windSpeed":9},{"date":"Tue, Dec 19","condition":"Clear","maxTemp":12,"minTemp":7,"humidity":56,"windSpeed":10},{"date":"Wed, Dec 20","condition":"Partly Cloudy","maxTemp":10,"minTemp":5,"humidity":63,"windSpeed":11},{"date":"Thu, Dec 21","condition":"Cloudy","maxTemp":8,"minTemp":4,"humidity":68,"windSpeed":12},{"date":"Fri, Dec 22","condition":"Clear","maxTemp":11,"minTemp":6,"humidity":59,"windSpeed":9}]},{"city":"Sydney","state":"New South Wales","district":"Sydney","country":"Australia","village":"Bondi","temperature":26.8,"condition":"Sunny","humidity":62,"windSpeed":14,"feelsLike":26.5,"pressure":1015,"forecast":[{"date":"Mon, Dec 18","condition":"Sunny","maxTemp":28,"minTemp":22,"humidity":60,"windSpeed":13},{"date":"Tue, Dec 19","condition":"Sunny","maxTemp":29,"minTemp":23,"humidity":58,"windSpeed":14},{"date":"Wed, Dec 20","condition":"Partly Cloudy","maxTemp":27,"minTemp":21,"humidity":65,"windSpeed":15},{"date":"Thu, Dec 21","condition":"Cloudy","maxTemp":25,"minTemp":20,"humidity":70,"windSpeed":16},{"date":"Fri, Dec 22","condition":"Sunny","maxTemp":28,"minTemp":22,"humidity":61,"windSpeed":13}]},{"city":"Dubai","state":"Dubai","district":"Downtown Dubai","country":"United Arab Emirates","village":"Business Bay","temperature":28.5,"condition":"Sunny","humidity":45,"windSpeed":12,"feelsLike":28.2,"pressure":1014,"forecast":[{"date":"Mon, Dec 18","condition":"Sunny","maxTemp":30,"minTemp":24,"humidity":43,"windSpeed":11},{"date":"Tue, Dec 19","condition":"Sunny","maxTemp":31,"minTemp":25,"humidity":41,"windSpeed":12},{"date":"Wed, Dec 20","condition":"Partly Cloudy","maxTemp":29,"minTemp":23,"humidity":48,"windSpeed":13},{"date":"Thu, Dec 21","condition":"Clear","maxTemp":28,"minTemp":22,"humidity":50,"windSpeed":12},{"date":"Fri, Dec 22","condition":"Sunny","maxTemp":30,"minTemp":24,"humidity":44,"windSpeed":11}]},{"city":"Singapore","state":"Singapore","district":"Central Region","country":"Singapore","village":"Marina Bay","temperature":31.2,"condition":"Partly Cloudy","humidity":75,"windSpeed":10,"feelsLike":33.8,"pressure":1012,"forecast":[{"date":"Mon, Dec 18","condition":"Partly Cloudy","maxTemp":32,"minTemp":26,"humidity":73,"windSpeed":9},{"date":"Tue, Dec 19","condition":"Rainy","maxTemp":30,"minTemp":24,"humidity":82,"windSpeed":12},{"date":"Wed, Dec 20","condition":"Rainy","maxTemp":29,"minTemp":23,"humidity":85,"windSpeed":14},{"date":"Thu, Dec 21","condition":"Partly Cloudy","maxTemp":31,"minTemp":25,"humidity":76,"windSpeed":10},{"date":"Fri, Dec 22","condition":"Sunny","maxTemp":32,"minTemp":26,"humidity":72,"windSpeed":9}]}],"alerts":[{"city":"Delhi","type":"warning","title":"🌫️ Dense Fog","message":"Dense fog expected. Drive with caution."},{"city":"Mumbai","type":"warning","title":"🌧️ Heavy Rain","message":"Heavy rainfall expected in 24-48 hours."},{"city":"Chennai","type":"info","title":"☀️ High Temp","message":"Temperature may reach 35°C. Stay hydrated."},{"city":"Bangalore","type":"info","title":"💧 Humidity","message":"Moderate humidity levels. Good for outdoor activities."},{"city":"London","type":"warning","title":"🌧️ Rain Alert","message":"Rainy weather expected. Carry umbrella."}]}
