{"cities":[{"city":"Chennai","state":"Tamil Nadu","district":"Chennai","country":"India","village":"Teynampet","temperature":32.5,"condition":"Partly Cloudy","humidity":75,"windSpeed":15,"feelsLike":35.2,"pressure":1013,"forecast":[{"date":"Mon","condition":"Sunny","maxTemp":34,"minTemp":28},{"date":"Tue","condition":"Partly Cloudy","maxTemp":33,"minTemp":27},{"date":"Wed","condition":"Rainy","maxTemp":30,"minTemp":25},{"date":"Thu","condition":"Cloudy","maxTemp":31,"minTemp":26},{"date":"Fri","condition":"Sunny","maxTemp":35,"minTemp":29}]},{"city":"Coimbatore","state":"Tamil Nadu","district":"Coimbatore","country":"India","village":"Sulur","temperature":28.2,"condition":"Clear","humidity":62,"windSpeed":12,"feelsLike":28.0,"pressure":1014,"forecast":[{"date":"Mon","condition":"Clear","maxTemp":30,"minTemp":22},{"date":"Tue","condition":"Clear","maxTemp":31,"minTemp":23},{"date":"Wed","condition":"Partly Cloudy","maxTemp":29,"minTemp":21},{"date":"Thu","condition":"Cloudy","maxTemp":27,"minTemp":20},{"date":"Fri","condition":"Clear","maxTemp":30,"minTemp":22}]},{"city":"Madurai","state":"Tamil Nadu","district":"Madurai","country":"India","village":"Melur","temperature":31.5,"condition":"Sunny","humidity":68,"windSpeed":14,"feelsLike":33.0,"pressure":1012,"forecast":[{"date":"Mon","condition":"Sunny","maxTemp":33,"minTemp":26},{"date":"Tue","condition":"Sunny","maxTemp":34,"minTemp":27},{"date":"Wed","condition":"Partly Cloudy","maxTemp":32,"minTemp":25},{"date":"Thu","condition":"Cloudy","maxTemp":30,"minTemp":24},{"date":"Fri","condition":"Sunny","maxTemp":33,"minTemp":26}]},{"city":"Trichy","state":"Tamil Nadu","district":"Tiruchirappalli","country":"India","village":"Lalgudi","temperature":30.8,"condition":"Sunny","humidity":70,"windSpeed":13,"feelsLike":32.2,"pressure":1013,"forecast":[{"date":"Mon","condition":"Sunny","maxTemp":32,"minTemp":25},{"date":"Tue","condition":"Sunny","maxTemp":33,"minTemp":26},{"date":"Wed","condition":"Partly Cloudy","maxTemp":31,"minTemp":24},{"date":"Thu","condition":"Cloudy","maxTemp":29,"minTemp":23},{"date":"Fri","condition":"Sunny","maxTemp":32,"minTemp":25}]},{"city":"Salem","state":"Tamil Nadu","district":"Salem","country":"India","village":"Attur","temperature":29.5,"condition":"Clear","humidity":64,"windSpeed":11,"feelsLike":29.2,"pressure":1015,"forecast":[{"date":"Mon","condition":"Clear","maxTemp":31,"minTemp":23},{"date":"Tue","condition":"Clear","maxTemp":32,"minTemp":24},{"date":"Wed","condition":"Partly Cloudy","maxTemp":30,"minTemp":22},{"date":"Thu","condition":"Cloudy","maxTemp":28,"minTemp":21},{"date":"Fri","condition":"Clear","maxTemp":31,"minTemp":23}]},{"city":"Kanyakumari","state":"Tamil Nadu","district":"Kanyakumari","country":"India","village":"Nagercoil","temperature":30.2,"condition":"Partly Cloudy","humidity":76,"windSpeed":18,"feelsLike":32.5,"pressure":1012,"forecast":[{"date":"Mon","condition":"Partly Cloudy","maxTemp":31,"minTemp":26},{"date":"Tue","condition":"Rainy","maxTemp":29,"minTemp":24},{"date":"Wed","condition":"Rainy","maxTemp":28,"minTemp":23},{"date":"Thu","condition":"Partly Cloudy","maxTemp":30,"minTemp":25},{"date":"Fri","condition":"Sunny","maxTemp":31,"minTemp":26}]},{"city":"Mumbai","state":"Maharashtra","district":"Mumbai","country":"India","village":"Bandra","temperature":28.3,"condition":"Cloudy","humidity":82,"windSpeed":18,"feelsLike":30.1,"pressure":1015,"forecast":[{"date":"Mon","condition":"Cloudy","maxTemp":29,"minTemp":24},{"date":"Tue","condition":"Rainy","maxTemp":27,"minTemp":22},{"date":"Wed","condition":"Rainy","maxTemp":26,"minTemp":21},{"date":"Thu","condition":"Partly Cloudy","maxTemp":28,"minTemp":23},{"date":"Fri","condition":"Sunny","maxTemp":30,"minTemp":25}]},{"city":"Pune","state":"Maharashtra","district":"Pune","country":"India","village":"Khadki","temperature":22.1,"condition":"Clear","humidity":60,"windSpeed":11,"feelsLike":21.9,"pressure":1019,"forecast":[{"date":"Mon","condition":"Clear","maxTemp":24,"minTemp":16},{"date":"Tue","condition":"Clear","maxTemp":25,"minTemp":17},{"date":"Wed","condition":"Partly Cloudy","maxTemp":23,"minTemp":15},{"date":"Thu","condition":"Cloudy","maxTemp":21,"minTemp":14},{"date":"Fri","condition":"Clear","maxTemp":24,"minTemp":16}]},{"city":"Nagpur","state":"Maharashtra","district":"Nagpur","country":"India","village":"Kamptee","temperature":20.5,"condition":"Clear","humidity":58,"windSpeed":10,"feelsLike":20.2,"pressure":1018,"forecast":[{"date":"Mon","condition":"Clear","maxTemp":22,"minTemp":14},{"date":"Tue","condition":"Clear","maxTemp":23,"minTemp":15},{"date":"Wed","condition":"Partly Cloudy","maxTemp":21,"minTemp":13},{"date":"Thu","condition":"Cloudy","maxTemp":19,"minTemp":12},{"date":"Fri","condition":"Clear","maxTemp":22,"minTemp":14}]},{"city":"Delhi","state":"Delhi","district":"New Delhi","country":"India","village":"Mehrauli","temperature":12.8,"condition":"Foggy","humidity":88,"windSpeed":8,"feelsLike":10.5,"pressure":1020,"forecast":[{"date":"Mon","condition":"Foggy","maxTemp":14,"minTemp":8},{"date":"Tue","condition":"Foggy","maxTemp":13,"minTemp":7},{"date":"Wed","condition":"Clear","maxTemp":16,"minTemp":9},{"date":"Thu","condition":"Sunny","maxTemp":18,"minTemp":11},{"date":"Fri","condition":"Sunny","maxTemp":19,"minTemp":12}]},{"city":"Noida","state":"Uttar Pradesh","district":"Gautam Buddh Nagar","country":"India","village":"Sector 62","temperature":13.2,"condition":"Foggy","humidity":86,"windSpeed":8,"feelsLike":10.8,"pressure":1020,"forecast":[{"date":"Mon","condition":"Foggy","maxTemp":15,"minTemp":9},{"date":"Tue","condition":"Foggy","maxTemp":14,"minTemp":8},{"date":"Wed","condition":"Clear","maxTemp":17,"minTemp":10},{"date":"Thu","condition":"Sunny","maxTemp":19,"minTemp":12},{"date":"Fri","condition":"Sunny","maxTemp":20,"minTemp":13}]},{"city":"Lucknow","state":"Uttar Pradesh","district":"Lucknow","country":"India","village":"Gomti Nagar","temperature":15.8,"condition":"Foggy","humidity":80,"windSpeed":7,"feelsLike":13.5,"pressure":1022,"forecast":[{"date":"Mon","condition":"Foggy","maxTemp":17,"minTemp":10},{"date":"Tue","condition":"Foggy","maxTemp":16,"minTemp":9},{"date":"Wed","condition":"Clear","maxTemp":19,"minTemp":11},{"date":"Thu","condition":"Sunny","maxTemp":21,"minTemp":13},{"date":"Fri","condition":"Sunny","maxTemp":22,"minTemp":14}]},{"city":"Kanpur","state":"Uttar Pradesh","district":"Kanpur","country":"India","village":"Jajmau","temperature":14.5,"condition":"Foggy","humidity":82,"windSpeed":7,"feelsLike":12.2,"pressure":1021,"forecast":[{"date":"Mon","condition":"Foggy","maxTemp":16,"minTemp":9},{"date":"Tue","condition":"Foggy","maxTemp":15,"minTemp":8},{"date":"Wed","condition":"Clear","maxTemp":18,"minTemp":10},{"date":"Thu","condition":"Sunny","maxTemp":20,"minTemp":12},{"date":"Fri","condition":"Sunny","maxTemp":21,"minTemp":13}]},{"city":"Bangalore","state":"Karnataka","district":"Bangalore","country":"India","village":"Whitefield","temperature":24.5,"condition":"Clear","humidity":65,"windSpeed":10,"feelsLike":24.8,"pressure":1018,"forecast":[{"date":"Mon","condition":"Clear","maxTemp":26,"minTemp":18},{"date":"Tue","condition":"Partly Cloudy","maxTemp":25,"minTemp":17},{"date":"Wed","condition":"Cloudy","maxTemp":23,"minTemp":16},{"date":"Thu","condition":"Rainy","maxTemp":22,"minTemp":15},{"date":"Fri","condition":"Clear","maxTemp":25,"minTemp":17}]},{"city":"Mysore","state":"Karnataka","district":"Mysore","country":"India","village":"Srirangapatna","temperature":23.8,"condition":"Clear","humidity":63,"windSpeed":11,"feelsLike":23.5,"pressure":1017,"forecast":[{"date":"Mon","condition":"Clear","maxTemp":25,"minTemp":17},{"date":"Tue","condition":"Clear","maxTemp":26,"minTemp":18},{"date":"Wed","condition":"Partly Cloudy","maxTemp":24,"minTemp":16},{"date":"Thu","condition":"Cloudy","maxTemp":22,"minTemp":15},{"date":"Fri","condition":"Clear","maxTemp":25,"minTemp":17}]},{"city":"Hyderabad","state":"Telangana","district":"Hyderabad","country":"India","village":"Kukatpally","temperature":26.7,"condition":"Sunny","humidity":58,"windSpeed":14,"feelsLike":26.3,"pressure":1016,"forecast":[{"date":"Mon","condition":"Sunny","maxTemp":28,"minTemp":20},{"date":"Tue","condition":"Sunny","maxTemp":29,"minTemp":21},{"date":"Wed","condition":"Partly Cloudy","maxTemp":27,"minTemp":19},{"date":"Thu","condition":"Cloudy","maxTemp":25,"minTemp":18},{"date":"Fri","condition":"Sunny","maxTemp":28,"minTemp":20}]},{"city":"Kolkata","state":"West Bengal","district":"Kolkata","country":"India","village":"Howrah","temperature":20.2,"condition":"Partly Cloudy","humidity":72,"windSpeed":12,"feelsLike":19.8,"pressure":1017,"forecast":[{"date":"Mon","condition":"Partly Cloudy","maxTemp":22,"minTemp":15},{"date":"Tue","condition":"Cloudy","maxTemp":21,"minTemp":14},{"date":"Wed","condition":"Rainy","maxTemp":19,"minTemp":12},{"date":"Thu","condition":"Cloudy","maxTemp":20,"minTemp":13},{"date":"Fri","condition":"Partly Cloudy","maxTemp":23,"minTemp":16}]},{"city":"Jaipur","state":"Rajasthan","district":"Jaipur","country":"India","village":"Sanganer","temperature":18.5,"condition":"Clear","humidity":52,"windSpeed":9,"feelsLike":18.2,"pressure":1021,"forecast":[{"date":"Mon","condition":"Clear","maxTemp":20,"minTemp":12},{"date":"Tue","condition":"Clear","maxTemp":21,"minTemp":13},{"date":"Wed","condition":"Sunny","maxTemp":22,"minTemp":14},{"date":"Thu","condition":"Partly Cloudy","maxTemp":20,"minTemp":12},{"date":"Fri","condition":"Clear","maxTemp":21,"minTemp":13}]},{"city":"Ahmedabad","state":"Gujarat","district":"Ahmedabad","country":"India","village":"Nikol","temperature":25.3,"condition":"Sunny","humidity":55,"windSpeed":13,"feelsLike":25.0,"pressure":1017,"forecast":[{"date":"Mon","condition":"Sunny","maxTemp":27,"minTemp":19},{"date":"Tue","condition":"Sunny","maxTemp":28,"minTemp":20},{"date":"Wed","condition":"Partly Cloudy","maxTemp":26,"minTemp":18},{"date":"Thu","condition":"Cloudy","maxTemp":24,"minTemp":17},{"date":"Fri","condition":"Sunny","maxTemp":27,"minTemp":19}]},{"city":"Kochi","state":"Kerala","district":"Ernakulam","country":"India","village":"Fort Kochi","temperature":29.5,"condition":"Partly Cloudy","humidity":78,"windSpeed":16,"feelsLike":31.2,"pressure":1011,"forecast":[{"date":"Mon","condition":"Partly Cloudy","maxTemp":30,"minTemp":25},{"date":"Tue","condition":"Rainy","maxTemp":28,"minTemp":23},{"date":"Wed","condition":"Rainy","maxTemp":27,"minTemp":22},{"date":"Thu","condition":"Partly Cloudy","maxTemp":29,"minTemp":24},{"date":"Fri","condition":"Sunny","maxTemp":30,"minTemp":25}]},{"city":"Thiruvananthapuram","state":"Kerala","district":"Thiruvananthapuram","country":"India","village":"Veli","temperature":28.8,"condition":"Partly Cloudy","humidity":80,"windSpeed":14,"feelsLike":30.5,"pressure":1012,"forecast":[{"date":"Mon","condition":"Partly Cloudy","maxTemp":29,"minTemp":24},{"date":"Tue","condition":"Rainy","maxTemp":27,"minTemp":22},{"date":"Wed","condition":"Rainy","maxTemp":26,"minTemp":21},{"date":"Thu","condition":"Partly Cloudy","maxTemp":28,"minTemp":23},{"date":"Fri","condition":"Sunny","maxTemp":29,"minTemp":24}]},{"city":"Indore","state":"Madhya Pradesh","district":"Indore","country":"India","village":"Mhow","temperature":21.3,"condition":"Clear","humidity":61,"windSpeed":10,"feelsLike":21.0,"pressure":1018,"forecast":[{"date":"Mon","condition":"Clear","maxTemp":23,"minTemp":15},{"date":"Tue","condition":"Clear","maxTemp":24,"minTemp":16},{"date":"Wed","condition":"Partly Cloudy","maxTemp":22,"minTemp":14},{"date":"Thu","condition":"Cloudy","maxTemp":20,"minTemp":13},{"date":"Fri","condition":"Clear","maxTemp":23,"minTemp":15}]},{"city":"Bhopal","state":"Madhya Pradesh","district":"Bhopal","country":"India","village":"Bairagarh","temperature":19.8,"condition":"Clear","humidity":59,"windSpeed":9,"feelsLike":19.5,"pressure":1019,"forecast":[{"date":"Mon","condition":"Clear","maxTemp":21,"minTemp":13},{"date":"Tue","condition":"Clear","maxTemp":22,"minTemp":14},{"date":"Wed","condition":"Partly Cloudy","maxTemp":20,"minTemp":12},{"date":"Thu","condition":"Cloudy","maxTemp":18,"minTemp":11},{"date":"Fri","condition":"Clear","maxTemp":21,"minTemp":13}]},{"city":"Chandigarh","state":"Chandigarh","district":"Chandigarh","country":"India","village":"Sector 17","temperature":11.5,"condition":"Foggy","humidity":85,"windSpeed":6,"feelsLike":9.2,"pressure":1021,"forecast":[{"date":"Mon","condition":"Foggy","maxTemp":13,"minTemp":7},{"date":"Tue","condition":"Foggy","maxTemp":12,"minTemp":6},{"date":"Wed","condition":"Clear","maxTemp":15,"minTemp":8},{"date":"Thu","condition":"Sunny","maxTemp":17,"minTemp":10},{"date":"Fri","condition":"Sunny","maxTemp":18,"minTemp":11}]},{"city":"Amritsar","state":"Punjab","district":"Amritsar","country":"India","village":"Rampura","temperature":10.2,"condition":"Foggy","humidity":87,"windSpeed":5,"feelsLike":7.8,"pressure":1022,"forecast":[{"date":"Mon","condition":"Foggy","maxTemp":12,"minTemp":6},{"date":"Tue","condition":"Foggy","maxTemp":11,"minTemp":5},{"date":"Wed","condition":"Clear","maxTemp":14,"minTemp":7},{"date":"Thu","condition":"Sunny","maxTemp":16,"minTemp":9},{"date":"Fri","condition":"Sunny","maxTemp":17,"minTemp":10}]},{"city":"Ludhiana","state":"Punjab","district":"Ludhiana","country":"India","village":"Doraha","temperature":11.8,"condition":"Foggy","humidity":84,"windSpeed":6,"feelsLike":9.5,"pressure":1021,"forecast":[{"date":"Mon","condition":"Foggy","maxTemp":13,"minTemp":7},{"date":"Tue","condition":"Foggy","maxTemp":12,"minTemp":6},{"date":"Wed","condition":"Clear","maxTemp":15,"minTemp":8},{"date":"Thu","condition":"Sunny","maxTemp":17,"minTemp":10},{"date":"Fri","condition":"Sunny","maxTemp":18,"minTemp":11}]},{"city":"Srinagar","state":"Jammu and Kashmir","district":"Srinagar","country":"India","village":"Gupkar","temperature":5.2,"condition":"Snowy","humidity":92,"windSpeed":4,"feelsLike":2.8,"pressure":1024,"forecast":[{"date":"Mon","condition":"Snowy","maxTemp":6,"minTemp":2},{"date":"Tue","condition":"Snowy","maxTemp":5,"minTemp":1},{"date":"Wed","condition":"Clear","maxTemp":8,"minTemp":3},{"date":"Thu","condition":"Sunny","maxTemp":10,"minTemp":5},{"date":"Fri","condition":"Sunny","maxTemp":11,"minTemp":6}]},{"city":"Guwahati","state":"Assam","district":"Kamrup","country":"India","village":"Panbazar","temperature":17.5,"condition":"Cloudy","humidity":75,"windSpeed":11,"feelsLike":17.2,"pressure":1016,"forecast":[{"date":"Mon","condition":"Cloudy","maxTemp":19,"minTemp":13},{"date":"Tue","condition":"Rainy","maxTemp":17,"minTemp":11},{"date":"Wed","condition":"Rainy","maxTemp":16,"minTemp":10},{"date":"Thu","condition":"Cloudy","maxTemp":18,"minTemp":12},{"date":"Fri","condition":"Partly Cloudy","maxTemp":20,"minTemp":14}]},{"city":"Patna","state":"Bihar","district":"Patna","country":"India","village":"Kumhrar","temperature":16.3,"condition":"Foggy","humidity":81,"windSpeed":7,"feelsLike":14.0,"pressure":1020,"forecast":[{"date":"Mon","condition":"Foggy","maxTemp":18,"minTemp":10},{"date":"Tue","condition":"Foggy","maxTemp":17,"minTemp":9},{"date":"Wed","condition":"Clear","maxTemp":20,"minTemp":11},{"date":"Thu","condition":"Sunny","maxTemp":22,"minTemp":13},{"date":"Fri","condition":"Sunny","maxTemp":23,"minTemp":14}]},{"city":"Ranchi","state":"Jharkhand","district":"Ranchi","country":"India","village":"Kanke","temperature":18.7,"condition":"Clear","humidity":68,"windSpeed":9,"feelsLike":18.4,"pressure":1019,"forecast":[{"date":"Mon","condition":"Clear","maxTemp":20,"minTemp":14},{"date":"Tue","condition":"Clear","maxTemp":21,"minTemp":15},{"date":"Wed","condition":"Partly Cloudy","maxTemp":19,"minTemp":13},{"date":"Thu","condition":"Cloudy","maxTemp":17,"minTemp":12},{"date":"Fri","condition":"Clear","maxTemp":20,"minTemp":14}]},{"city":"Goa","state":"Goa","district":"North Goa","country":"India","village":"Panjim","temperature":27.5,"condition":"Partly Cloudy","humidity":79,"windSpeed":15,"feelsLike":29.2,"pressure":1013,"forecast":[{"date":"Mon","condition":"Partly Cloudy","maxTemp":28,"minTemp":23},{"date":"Tue","condition":"Rainy","maxTemp":26,"minTemp":21},{"date":"Wed","condition":"Rainy","maxTemp":25,"minTemp":20},{"date":"Thu","condition":"Partly Cloudy","maxTemp":27,"minTemp":22},{"date":"Fri","condition":"Sunny","maxTemp":28,"minTemp":23}]},{"city":"Lucknow","state":"Uttar Pradesh","district":"Lucknow","country":"India","village":"Hazratganj","temperature":15.8,"condition":"Foggy","humidity":80,"windSpeed":7,"feelsLike":13.5,"pressure":1022,"forecast":[{"date":"Mon","condition":"Foggy","maxTemp":17,"minTemp":10},{"date":"Tue","condition":"Foggy","maxTemp":16,"minTemp":9},{"date":"Wed","condition":"Clear","maxTemp":19,"minTemp":11},{"date":"Thu","condition":"Sunny","maxTemp":21,"minTemp":13},{"date":"Fri","condition":"Sunny","maxTemp":22,"minTemp":14}]},{"city":"London","state":"England","district":"Greater London","country":"United Kingdom","village":"Westminster","temperature":8.2,"condition":"Cloudy","humidity":70,"windSpeed":15,"feelsLike":5.8,"pressure":1018,"forecast":[{"date":"Mon","condition":"Cloudy","maxTemp":9,"minTemp":4},{"date":"Tue","condition":"Rainy","maxTemp":7,"minTemp":2},{"date":"Wed","condition":"Rainy","maxTemp":6,"minTemp":1},{"date":"Thu","condition":"Cloudy","maxTemp":8,"minTemp":3},{"date":"Fri","condition":"Clear","maxTemp":10,"minTemp":5}]},{"city":"New York","state":"New York","district":"Manhattan","country":"United States","village":"Times Square","temperature":5.3,"condition":"Clear","humidity":55,"windSpeed":12,"feelsLike":1.8,"pressure":1020,"forecast":[{"date":"Mon","condition":"Clear","maxTemp":6,"minTemp":2},{"date":"Tue","condition":"Clear","maxTemp":7,"minTemp":3},{"date":"Wed","condition":"Partly Cloudy","maxTemp":5,"minTemp":1},{"date":"Thu","condition":"Cloudy","maxTemp":3,"minTemp":-1},{"date":"Fri","condition":"Clear","maxTemp":6,"minTemp":2}]},{"city":"Tokyo","state":"Tokyo","district":"Chiyoda","country":"Japan","village":"Marunouchi","temperature":9.5,"condition":"Clear","humidity":60,"windSpeed":10,"feelsLike":8.8,"pressure":1019,"forecast":[{"date":"Mon","condition":"Clear","maxTemp":11,"minTemp":6},{"date":"Tue","condition":"Clear","maxTemp":12,"minTemp":7},{"date":"Wed","condition":"Partly Cloudy","maxTemp":10,"minTemp":5},{"date":"Thu","condition":"Cloudy","maxTemp":8,"minTemp":4},{"date":"Fri","condition":"Clear","maxTemp":11,"minTemp":6}]},{"city":"Sydney","state":"New South Wales","district":"Sydney","country":"Australia","village":"Bondi","temperature":26.8,"condition":"Sunny","humidity":62,"windSpeed":14,"feelsLike":26.5,"pressure":1015,"forecast":[{"date":"Mon","condition":"Sunny","maxTemp":28,"minTemp":22},{"date":"Tue","condition":"Sunny","maxTemp":29,"minTemp":23},{"date":"Wed","condition":"Partly Cloudy","maxTemp":27,"minTemp":21},{"date":"Thu","condition":"Cloudy","maxTemp":25,"minTemp":20},{"date":"Fri","condition":"Sunny","maxTemp":28,"minTemp":22}]},{"city":"Dubai","state":"Dubai","district":"Downtown Dubai","country":"United Arab Emirates","village":"Business Bay","temperature":28.5,"condition":"Sunny","humidity":45,"windSpeed":12,"feelsLike":28.2,"pressure":1014,"forecast":[{"date":"Mon","condition":"Sunny","maxTemp":30,"minTemp":24},{"date":"Tue","condition":"Sunny","maxTemp":31,"minTemp":25},{"date":"Wed","condition":"Partly Cloudy","maxTemp":29,"minTemp":23},{"date":"Thu","condition":"Clear","maxTemp":28,"minTemp":22},{"date":"Fri","condition":"Sunny","maxTemp":30,"minTemp":24}]},{"city":"Singapore","state":"Singapore","district":"Central Region","country":"Singapore","village":"Marina Bay","temperature":31.2,"condition":"Partly Cloudy","humidity":75,"windSpeed":10,"feelsLike":33.8,"pressure":1012,"forecast":[{"date":"Mon","condition":"Partly Cloudy","maxTemp":32,"minTemp":26},{"date":"Tue","condition":"Rainy","maxTemp":30,"minTemp":24},{"date":"Wed","condition":"Rainy","maxTemp":29,"minTemp":23},{"date":"Thu","condition":"Partly Cloudy","maxTemp":31,"minTemp":25},{"date":"Fri","condition":"Sunny","maxTemp":32,"minTemp":26}]}],"alerts":[{"city":"Delhi","type":"warning","title":"🌫️ Dense Fog","message":"Dense fog expected. Drive with caution."},{"city":"Mumbai","type":"warning","title":"🌧️ Heavy Rain","message":"Heavy rainfall expected in 24-48 hours."},{"city":"Chennai","type":"info","title":"☀️ High Temp","message":"Temperature may reach 35°C. Stay hydrated."},{"city":"Bangalore","type":"info","title":"💧 Humidity","message":"Moderate humidity levels. Good for outdoor activities."},{"city":"London","type":"warning","title":"🌧️ Rain Alert","message":"Rainy weather expected. Carry umbrella."}]}
