{
  "cities": [
    {
      "city": "Chennai",
      "temperature": 32.5,
      "condition": "Partly Cloudy",
      "humidity": 75,
      "windSpeed": 15,
      "feelsLike": 35.2,
      "pressure": 1013,
      "forecast": [
        {
          "date": "Mon, Dec 18",
          "condition": "Sunny",
          "maxTemp": 34,
          "minTemp": 28,
          "humidity": 70,
          "windSpeed": 12
        },
        {
          "date": "Tue, Dec 19",
          "condition": "Partly Cloudy",
          "maxTemp": 33,
          "minTemp": 27,
          "humidity": 72,
          "windSpeed": 14
        },
        {
          "date": "Wed, Dec 20",
          "condition": "Rainy",
          "maxTemp": 30,
          "minTemp": 25,
          "humidity": 85,
          "windSpeed": 20
        },
        {
          "date": "Thu, Dec 21",
          "condition": "Cloudy",
          "maxTemp": 31,
          "minTemp": 26,
          "humidity": 78,
          "windSpeed": 16
        },
        {
          "date": "Fri, Dec 22",
          "condition": "Sunny",
          "maxTemp": 35,
          "minTemp": 29,
          "humidity": 68,
          "windSpeed": 11
        }
      ]
    },
    {
      "city": "Mumbai",
      "temperature": 28.3,
      "condition": "Cloudy",
      "humidity": 82,
      "windSpeed": 18,
      "feelsLike": 30.1,
      "pressure": 1015,
      "forecast": [
        {
          "date": "Mon, Dec 18",
          "condition": "Cloudy",
          "maxTemp": 29,
          "minTemp": 24,
          "humidity": 80,
          "windSpeed": 16
        },
        {
          "date": "Tue, Dec 19",
          "condition": "Rainy",
          "maxTemp": 27,
          "minTemp": 22,
          "humidity": 88,
          "windSpeed": 22
        },
        {
          "date": "Wed, Dec 20",
          "condition": "Rainy",
          "maxTemp": 26,
          "minTemp": 21,
          "humidity": 90,
          "windSpeed": 25
        },
        {
          "date": "Thu, Dec 21",
          "condition": "Partly Cloudy",
          "maxTemp": 28,
          "minTemp": 23,
          "humidity": 78,
          "windSpeed": 18
        },
        {
          "date": "Fri, Dec 22",
          "condition": "Sunny",
          "maxTemp": 30,
          "minTemp": 25,
          "humidity": 75,
          "windSpeed": 14
        }
      ]
    },
    {
      "city": "Delhi",
      "temperature": 12.8,
      "condition": "Foggy",
      "humidity": 88,
      "windSpeed": 8,
      "feelsLike": 10.5,
      "pressure": 1020,
      "forecast": [
        {
          "date": "Mon, Dec 18",
          "condition": "Foggy",
          "maxTemp": 14,
          "minTemp": 8,
          "humidity": 85,
          "windSpeed": 7
        },
        {
          "date": "Tue, Dec 19",
          "condition": "Foggy",
          "maxTemp": 13,
          "minTemp": 7,
          "humidity": 90,
          "windSpeed": 6
        },
        {
          "date": "Wed, Dec 20",
          "condition": "Clear",
          "maxTemp": 16,
          "minTemp": 9,
          "humidity": 75,
          "windSpeed": 10
        },
        {
          "date": "Thu, Dec 21",
          "condition": "Sunny",
          "maxTemp": 18,
          "minTemp": 11,
          "humidity": 70,
          "windSpeed": 12
        },
        {
          "date": "Fri, Dec 22",
          "condition": "Sunny",
          "maxTemp": 19,
          "minTemp": 12,
          "humidity": 68,
          "windSpeed": 11
        }
      ]
    },
    {
      "city": "Bangalore",
      "temperature": 24.5,
      "condition": "Clear",
      "humidity": 65,
      "windSpeed": 10,
      "feelsLike": 24.8,
      "pressure": 1018,
      "forecast": [
        {
          "date": "Mon, Dec 18",
          "condition": "Clear",
          "maxTemp": 26,
          "minTemp": 18,
          "humidity": 62,
          "windSpeed": 9
        },
        {
          "date": "Tue, Dec 19",
          "condition": "Partly Cloudy",
          "maxTemp": 25,
          "minTemp": 17,
          "humidity": 68,
          "windSpeed": 11
        },
        {
          "date": "Wed, Dec 20",
          "condition": "Cloudy",
          "maxTemp": 23,
          "minTemp": 16,
          "humidity": 72,
          "windSpeed": 13
        },
        {
          "date": "Thu, Dec 21",
          "condition": "Rainy",
          "maxTemp": 22,
          "minTemp": 15,
          "humidity": 80,
          "windSpeed": 16
        },
        {
          "date": "Fri, Dec 22",
          "condition": "Clear",
          "maxTemp": 25,
          "minTemp": 17,
          "humidity": 65,
          "windSpeed": 10
        }
      ]
    },
    {
      "city": "Kolkata",
      "temperature": 20.2,
      "condition": "Partly Cloudy",
      "humidity": 72,
      "windSpeed": 12,
      "feelsLike": 19.8,
      "pressure": 1017,
      "forecast": [
        {
          "date": "Mon, Dec 18",
          "condition": "Partly Cloudy",
          "maxTemp": 22,
          "minTemp": 15,
          "humidity": 70,
          "windSpeed": 11
        },
        {
          "date": "Tue, Dec 19",
          "condition": "Cloudy",
          "maxTemp": 21,
          "minTemp": 14,
          "humidity": 75,
          "windSpeed": 13
        },
        {
          "date": "Wed, Dec 20",
          "condition": "Rainy",
          "maxTemp": 19,
          "minTemp": 12,
          "humidity": 85,
          "windSpeed": 18
        },
        {
          "date": "Thu, Dec 21",
          "condition": "Cloudy",
          "maxTemp": 20,
          "minTemp": 13,
          "humidity": 78,
          "windSpeed": 14
        },
        {
          "date": "Fri, Dec 22",
          "condition": "Partly Cloudy",
          "maxTemp": 23,
          "minTemp": 16,
          "humidity": 68,
          "windSpeed": 10
        }
      ]
    },
    {
      "city": "Hyderabad",
      "temperature": 26.7,
      "condition": "Sunny",
      "humidity": 58,
      "windSpeed": 14,
      "feelsLike": 26.3,
      "pressure": 1016,
      "forecast": [
        {
          "date": "Mon, Dec 18",
          "condition": "Sunny",
          "maxTemp": 28,
          "minTemp": 20,
          "humidity": 55,
          "windSpeed": 12
        },
        {
          "date": "Tue, Dec 19",
          "condition": "Sunny",
          "maxTemp": 29,
          "minTemp": 21,
          "humidity": 52,
          "windSpeed": 13
        },
        {
          "date": "Wed, Dec 20",
          "condition": "Partly Cloudy",
          "maxTemp": 27,
          "minTemp": 19,
          "humidity": 60,
          "windSpeed": 15
        },
        {
          "date": "Thu, Dec 21",
          "condition": "Cloudy",
          "maxTemp": 25,
          "minTemp": 18,
          "humidity": 65,
          "windSpeed": 16
        },
        {
          "date": "Fri, Dec 22",
          "condition": "Sunny",
          "maxTemp": 28,
          "minTemp": 20,
          "humidity": 56,
          "windSpeed": 12
        }
      ]
    },
    {
      "city": "Pune",
      "temperature": 22.1,
      "condition": "Clear",
      "humidity": 60,
      "windSpeed": 11,
      "feelsLike": 21.9,
      "pressure": 1019,
      "forecast": [
        {
          "date": "Mon, Dec 18",
          "condition": "Clear",
          "maxTemp": 24,
          "minTemp": 16,
          "humidity": 58,
          "windSpeed": 10
        },
        {
          "date": "Tue, Dec 19",
          "condition": "Clear",
          "maxTemp": 25,
          "minTemp": 17,
          "humidity": 55,
          "windSpeed": 11
        },
        {
          "date": "Wed, Dec 20",
          "condition": "Partly Cloudy",
          "maxTemp": 23,
          "minTemp": 15,
          "humidity": 62,
          "windSpeed": 12
        },
        {
          "date": "Thu, Dec 21",
          "condition": "Cloudy",
          "maxTemp": 21,
          "minTemp": 14,
          "humidity": 68,
          "windSpeed": 14
        },
        {
          "date": "Fri, Dec 22",
          "condition": "Clear",
          "maxTemp": 24,
          "minTemp": 16,
          "humidity": 58,
          "windSpeed": 10
        }
      ]
    },
    {
      "city": "Jaipur",
      "temperature": 18.5,
      "condition": "Clear",
      "humidity": 52,
      "windSpeed": 9,
      "feelsLike": 18.2,
      "pressure": 1021,
      "forecast": [
        {
          "date": "Mon, Dec 18",
          "condition": "Clear",
          "maxTemp": 20,
          "minTemp": 12,
          "humidity": 50,
          "windSpeed": 8
        },
        {
          "date": "Tue, Dec 19",
          "condition": "Clear",
          "maxTemp": 21,
          "minTemp": 13,
          "humidity": 48,
          "windSpeed": 9
        },
        {
          "date": "Wed, Dec 20",
          "condition": "Sunny",
          "maxTemp": 22,
          "minTemp": 14,
          "humidity": 45,
          "windSpeed": 10
        },
        {
          "date": "Thu, Dec 21",
          "condition": "Partly Cloudy",
          "maxTemp": 20,
          "minTemp": 12,
          "humidity": 52,
          "windSpeed": 11
        },
        {
          "date": "Fri, Dec 22",
          "condition": "Clear",
          "maxTemp": 21,
          "minTemp": 13,
          "humidity": 49,
          "windSpeed": 8
        }
      ]
    },
    {
      "city": "Ahmedabad",
      "temperature": 25.3,
      "condition": "Sunny",
      "humidity": 55,
      "windSpeed": 13,
      "feelsLike": 25.0,
      "pressure": 1017,
      "forecast": [
        {
          "date": "Mon, Dec 18",
          "condition": "Sunny",
          "maxTemp": 27,
          "minTemp": 19,
          "humidity": 52,
          "windSpeed": 12
        },
        {
          "date": "Tue, Dec 19",
          "condition": "Sunny",
          "maxTemp": 28,
          "minTemp": 20,
          "humidity": 50,
          "windSpeed": 13
        },
        {
          "date": "Wed, Dec 20",
          "condition": "Partly Cloudy",
          "maxTemp": 26,
          "minTemp": 18,
          "humidity": 58,
          "windSpeed": 14
        },
        {
          "date": "Thu, Dec 21",
          "condition": "Cloudy",
          "maxTemp": 24,
          "minTemp": 17,
          "humidity": 62,
          "windSpeed": 15
        },
        {
          "date": "Fri, Dec 22",
          "condition": "Sunny",
          "maxTemp": 27,
          "minTemp": 19,
          "humidity": 53,
          "windSpeed": 12
        }
      ]
    },
    {
      "city": "Lucknow",
      "temperature": 15.8,
      "condition": "Foggy",
      "humidity": 80,
      "windSpeed": 7,
      "feelsLike": 13.5,
      "pressure": 1022,
      "forecast": [
        {
          "date": "Mon, Dec 18",
          "condition": "Foggy",
          "maxTemp": 17,
          "minTemp": 10,
          "humidity": 78,
          "windSpeed": 6
        },
        {
          "date": "Tue, Dec 19",
          "condition": "Foggy",
          "maxTemp": 16,
          "minTemp": 9,
          "humidity": 82,
          "windSpeed": 5
        },
        {
          "date": "Wed, Dec 20",
          "condition": "Clear",
          "maxTemp": 19,
          "minTemp": 11,
          "humidity": 70,
          "windSpeed": 9
        },
        {
          "date": "Thu, Dec 21",
          "condition": "Sunny",
          "maxTemp": 21,
          "minTemp": 13,
          "humidity": 65,
          "windSpeed": 10
        },
        {
          "date": "Fri, Dec 22",
          "condition": "Sunny",
          "maxTemp": 22,
          "minTemp": 14,
          "humidity": 62,
          "windSpeed": 9
        }
      ]
    }
  ],
  "alerts": [
    {
      "city": "Delhi",
      "type": "warning",
      "title": "🌫️ Dense Fog Warning",
      "message": "Dense fog is expected in the morning hours. Visibility may be reduced to 50-100 meters. Drive with caution and use headlights."
    },
    {
      "city": "Mumbai",
      "type": "warning",
      "title": "🌧️ Heavy Rain Alert",
      "message": "Heavy rainfall is expected in the next 24-48 hours. Waterlogging may occur in low-lying areas. Stay prepared."
    },
    {
      "city": "Chennai",
      "type": "info",
      "title": "☀️ High Temperature",
      "message": "Temperature may reach 35°C. Stay hydrated and avoid prolonged sun exposure during peak hours (11 AM - 4 PM)."
    },
    {
      "city": "Bangalore",
      "type": "info",
      "title": "💧 Moderate Humidity",
      "message": "Humidity levels are moderate. It's a good day for outdoor activities."
    },
    {
      "city": "Jaipur",
      "type": "info",
      "title": "🌞 Clear Skies",
      "message": "Clear weather expected throughout the day. Perfect for outdoor activities and sightseeing."
    }
  ]
}
