{
  "cities": [
    {
      "name": "Chennai",
      "lat": 13.0827,
      "lon": 80.2707,
      "temp": 32,
      "condition": "Partly Cloudy",
      "humidity": 75,
      "windSpeed": 15,
      "pressure": 1013,
      "feelsLike": 35,
      "rainChance": 30,
      "alerts": []
    },
    {
      "name": "Mumbai",
      "lat": 19.0760,
      "lon": 72.8777,
      "temp": 28,
      "condition": "Cloudy",
      "humidity": 82,
      "windSpeed": 18,
      "pressure": 1015,
      "feelsLike": 30,
      "rainChance": 60,
      "alerts": [
        {
          "title": "Heavy Rain Warning",
          "description": "Heavy rainfall expected in next 24 hours"
        }
      ]
    },
    {
      "name": "Delhi",
      "lat": 28.7041,
      "lon": 77.1025,
      "temp": 12,
      "condition": "Foggy",
      "humidity": 88,
      "windSpeed": 8,
      "pressure": 1020,
      "feelsLike": 10,
      "rainChance": 10,
      "alerts": [
        {
          "title": "Dense Fog Warning",
          "description": "Dense fog expected, visibility low"
        }
      ]
    },
    {
      "name": "Bangalore",
      "lat": 12.9716,
      "lon": 77.5946,
      "temp": 24,
      "condition": "Clear",
      "humidity": 65,
      "windSpeed": 12,
      "pressure": 1018,
      "feelsLike": 24,
      "rainChance": 15,
      "alerts": []
    },
    {
      "name": "Hyderabad",
      "lat": 17.3850,
      "lon": 78.4867,
      "temp": 26,
      "condition": "Sunny",
      "humidity": 58,
      "windSpeed": 14,
      "pressure": 1016,
      "feelsLike": 26,
      "rainChance": 20,
      "alerts": []
    }
  ],
  "forecast": [
    {
      "day": "Monday",
      "maxTemp": 34,
      "minTemp": 28,
      "condition": "Sunny"
    },
    {
      "day": "Tuesday",
      "maxTemp": 33,
      "minTemp": 27,
      "condition": "Cloudy"
    },
    {
      "day": "Wednesday",
      "maxTemp": 30,
      "minTemp": 25,
      "condition": "Rainy"
    },
    {
      "day": "Thursday",
      "maxTemp": 31,
      "minTemp": 26,
      "condition": "Partly Cloudy"
    },
    {
      "day": "Friday",
      "maxTemp": 35,
      "minTemp": 29,
      "condition": "Sunny"
    }
  ]
}
