{
  "locations": {
    "karur": {
      "city": "Karur",
      "state": "Tamil Nadu",
      "country": "India",
      "lat": 10.9629,
      "lon": 78.7664,
      "temp": 31,
      "condition": "Partly Cloudy",
      "humidity": 71,
      "wind": 15,
      "pressure": 1013,
      "feelsLike": 34,
      "description": "Partly cloudy with moderate humidity and light winds"
    },
    "coimbatore": {
      "city": "Coimbatore",
      "state": "Tamil Nadu",
      "country": "India",
      "lat": 11.0081,
      "lon": 76.9877,
      "temp": 28,
      "condition": "Cloudy",
      "humidity": 75,
      "wind": 16,
      "pressure": 1012,
      "feelsLike": 31,
      "description": "Cloudy with high humidity and moderate winds"
    },
    "salem": {
      "city": "Salem",
      "state": "Tamil Nadu",
      "country": "India",
      "lat": 11.6643,
      "lon": 78.1460,
      "temp": 29,
      "condition": "Cloudy",
      "humidity": 73,
      "wind": 16,
      "pressure": 1012,
      "feelsLike": 32,
      "description": "Cloudy with moderate humidity and winds"
    },
    "madurai": {
      "city": "Madurai",
      "state": "Tamil Nadu",
      "country": "India",
      "lat": 9.9252,
      "lon": 78.1198,
      "temp": 34,
      "condition": "Sunny",
      "humidity": 64,
      "wind": 11,
      "pressure": 1013,
      "feelsLike": 37,
      "description": "Sunny and warm with low humidity"
    },
    "tiruppur": {
      "city": "Tiruppur",
      "state": "Tamil Nadu",
      "country": "India",
      "lat": 11.1085,
      "lon": 77.3411,
      "temp": 28,
      "condition": "Cloudy",
      "humidity": 74,
      "wind": 17,
      "pressure": 1012,
      "feelsLike": 31,
      "description": "Cloudy with high humidity"
    },
    "trichy": {
      "city": "Trichy",
      "state": "Tamil Nadu",
      "country": "India",
      "lat": 10.7905,
      "lon": 78.7047,
      "temp": 31,
      "condition": "Sunny",
      "humidity": 68,
      "wind": 12,
      "pressure": 1013,
      "feelsLike": 34,
      "description": "Sunny with moderate humidity"
    },
    "vellore": {
      "city": "Vellore",
      "state": "Tamil Nadu",
      "country": "India",
      "lat": 12.9689,
      "lon": 79.1288,
      "temp": 31,
      "condition": "Partly Cloudy",
      "humidity": 71,
      "wind": 15,
      "pressure": 1013,
      "feelsLike": 34,
      "description": "Partly cloudy with moderate conditions"
    },
    "erode": {
      "city": "Erode",
      "state": "Tamil Nadu",
      "country": "India",
      "lat": 11.3410,
      "lon": 77.7172,
      "temp": 27,
      "condition": "Rainy",
      "humidity": 80,
      "wind": 18,
      "pressure": 1011,
      "feelsLike": 30,
      "description": "Rainy with high humidity"
    },
    "thanjavur": {
      "city": "Thanjavur",
      "state": "Tamil Nadu",
      "country": "India",
      "lat": 10.7870,
      "lon": 79.1378,
      "temp": 32,
      "condition": "Partly Cloudy",
      "humidity": 74,
      "wind": 15,
      "pressure": 1013,
      "feelsLike": 35,
      "description": "Partly cloudy with moderate humidity"
    },
    "kanyakumari": {
      "city": "Kanyakumari",
      "state": "Tamil Nadu",
      "country": "India",
      "lat": 8.0883,
      "lon": 77.5385,
      "temp": 26,
      "condition": "Cloudy",
      "humidity": 78,
      "wind": 20,
      "pressure": 1012,
      "feelsLike": 29,
      "description": "Cloudy with high humidity and strong winds"
    },
    "delhi": {
      "city": "Delhi",
      "state": "Delhi",
      "country": "India",
      "lat": 28.7041,
      "lon": 77.1025,
      "temp": 25,
      "condition": "Partly Cloudy",
      "humidity": 60,
      "wind": 10,
      "pressure": 1014,
      "feelsLike": 27,
      "description": "Partly cloudy with moderate conditions"
    },
    "mumbai": {
      "city": "Mumbai",
      "state": "Maharashtra",
      "country": "India",
      "lat": 19.0760,
      "lon": 72.8777,
      "temp": 28,
      "condition": "Cloudy",
      "humidity": 75,
      "wind": 15,
      "pressure": 1013,
      "feelsLike": 31,
      "description": "Cloudy with high humidity"
    },
    "bangalore": {
      "city": "Bangalore",
      "state": "Karnataka",
      "country": "India",
      "lat": 12.9716,
      "lon": 77.5946,
      "temp": 24,
      "condition": "Cloudy",
      "humidity": 70,
      "wind": 12,
      "pressure": 1013,
      "feelsLike": 27,
      "description": "Cloudy with moderate conditions"
    },
    "hyderabad": {
      "city": "Hyderabad",
      "state": "Telangana",
      "country": "India",
      "lat": 17.3850,
      "lon": 78.4867,
      "temp": 26,
      "condition": "Sunny",
      "humidity": 65,
      "wind": 11,
      "pressure": 1013,
      "feelsLike": 28,
      "description": "Sunny with low humidity"
    },
    "kolkata": {
      "city": "Kolkata",
      "state": "West Bengal",
      "country": "India",
      "lat": 22.5726,
      "lon": 88.3639,
      "temp": 27,
      "condition": "Rainy",
      "humidity": 80,
      "wind": 18,
      "pressure": 1012,
      "feelsLike": 30,
      "description": "Rainy with high humidity"
    },
    "pune": {
      "city": "Pune",
      "state": "Maharashtra",
      "country": "India",
      "lat": 18.5204,
      "lon": 73.8567,
      "temp": 23,
      "condition": "Partly Cloudy",
      "humidity": 62,
      "wind": 9,
      "pressure": 1013,
      "feelsLike": 25,
      "description": "Partly cloudy with pleasant conditions"
    },
    "ahmedabad": {
      "city": "Ahmedabad",
      "state": "Gujarat",
      "country": "India",
      "lat": 23.0225,
      "lon": 72.5714,
      "temp": 29,
      "condition": "Sunny",
      "humidity": 58,
      "wind": 8,
      "pressure": 1013,
      "feelsLike": 31,
      "description": "Sunny with low humidity"
    },
    "jaipur": {
      "city": "Jaipur",
      "state": "Rajasthan",
      "country": "India",
      "lat": 26.9124,
      "lon": 75.7873,
      "temp": 26,
      "condition": "Sunny",
      "humidity": 55,
      "wind": 7,
      "pressure": 1013,
      "feelsLike": 28,
      "description": "Sunny with low humidity"
    },
    "kochi": {
      "city": "Kochi",
      "state": "Kerala",
      "country": "India",
      "lat": 9.9312,
      "lon": 76.2673,
      "temp": 27,
      "condition": "Rainy",
      "humidity": 85,
      "wind": 20,
      "pressure": 1011,
      "feelsLike": 30,
      "description": "Rainy with very high humidity"
    },
    "guwahati": {
      "city": "Guwahati",
      "state": "Assam",
      "country": "India",
      "lat": 26.1445,
      "lon": 91.7362,
      "temp": 25,
      "condition": "Cloudy",
      "humidity": 78,
      "wind": 16,
      "pressure": 1012,
      "feelsLike": 28,
      "description": "Cloudy with high humidity"
    },
    "chennai": {
      "city": "Chennai",
      "state": "Tamil Nadu",
      "country": "India",
      "lat": 13.0827,
      "lon": 80.2707,
      "temp": 32,
      "condition": "Partly Cloudy",
      "humidity": 75,
      "wind": 15,
      "pressure": 1013,
      "feelsLike": 35,
      "description": "Partly cloudy with high humidity"
    }
  },
  "radarData": {
    "clouds": [
      {"lat": 10.9629, "lon": 78.7664, "intensity": 45, "location": "Karur"},
      {"lat": 11.0081, "lon": 76.9877, "intensity": 60, "location": "Coimbatore"},
      {"lat": 11.6643, "lon": 78.1460, "intensity": 55, "location": "Salem"},
      {"lat": 9.9252, "lon": 78.1198, "intensity": 20, "location": "Madurai"},
      {"lat": 11.1085, "lon": 77.3411, "intensity": 58, "location": "Tiruppur"},
      {"lat": 10.7905, "lon": 78.7047, "intensity": 30, "location": "Trichy"},
      {"lat": 12.9689, "lon": 79.1288, "intensity": 42, "location": "Vellore"},
      {"lat": 11.3410, "lon": 77.7172, "intensity": 75, "location": "Erode"},
      {"lat": 10.7870, "lon": 79.1378, "intensity": 48, "location": "Thanjavur"},
      {"lat": 8.0883, "lon": 77.5385, "intensity": 65, "location": "Kanyakumari"}
    ],
    "rainfall": [
      {"lat": 11.3410, "lon": 77.7172, "amount": 15, "location": "Erode"},
      {"lat": 8.0883, "lon": 77.5385, "amount": 12, "location": "Kanyakumari"},
      {"lat": 11.0081, "lon": 76.9877, "amount": 8, "location": "Coimbatore"}
    ],
    "temperature": [
      {"lat": 10.9629, "lon": 78.7664, "temp": 31, "location": "Karur"},
      {"lat": 11.0081, "lon": 76.9877, "temp": 28, "location": "Coimbatore"},
      {"lat": 11.6643, "lon": 78.1460, "temp": 29, "location": "Salem"},
      {"lat": 9.9252, "lon": 78.1198, "temp": 34, "location": "Madurai"}
    ],
    "pressure": [
      {"lat": 10.9629, "lon": 78.7664, "pressure": 1013, "location": "Karur"},
      {"lat": 11.0081, "lon": 76.9877, "pressure": 1012, "location": "Coimbatore"},
      {"lat": 11.6643, "lon": 78.1460, "pressure": 1012, "location": "Salem"},
      {"lat": 9.9252, "lon": 78.1198, "pressure": 1013, "location": "Madurai"}
    ]
  }
}
